rs_id,Chr,Coord_Ch37,Strand,channel,designType,nextBase,Allele_Ref.0,Allele_Alt.2,IMPUTED,M,U,Affy_if_Meth=1,Note
rs3936238,chr1,4131726,-,Red,I,T,A,G,TRUE,A,G,0,
rs877309,chr1,11489678,-,Both,II,T,A,G,TRUE,G,A,2,
rs213028,chr1,21652177,+,Red,I,T,C,T,TRUE,T,C,2,
rs11249206,chr1,25277982,+,Both,II,C,C,T,TRUE,C,T,0,
rs654498,chr1,82173048,+,Red,I,T,C,T,TRUE,T,C,2,
rs715359,chr1,177431168,+,Grn,I,C,T,C,TRUE,T,C,0,
rs2804694,chr1,181331833,-,Both,II,C,G,A,TRUE,G,A,0,
rs6426327,chr1,246089811,-,Both,II,C,G,A,TRUE,G,A,0,
rs966367,chr2,12148220,+,Both,II,C,C,T,TRUE,C,T,0,
rs4331560,chr2,49084673,-,Both,II,T,A,G,TRUE,G,A,2,
rs1510480,chr2,60825441,-,Both,II,C,G,A,TRUE,G,A,0,
rs6546473,chr2,69260357,-,Both,II,T,A,G,TRUE,G,A,2,
rs264581,chr2,159971363,-,Both,II,T,A,G,TRUE,G,A,2,
rs939290,chr3,14658866,+,Both,II,T,T,C/G,TRUE,C,T,2,Triallelic
rs9839873,chr3,86662155,+,Both,II,T,T,C,TRUE,C,T,2,
rs1520670,chr3,98972926,-,Red,I,T,A,G,TRUE,A,G,0,
rs10936224,chr3,160902531,-,Red,I,T,G,A,TRUE,A,G,2,
rs10033147,chr4,14357130,-,Red,I,T,A,G,TRUE,A,G,0,
rs2125573,chr4,128607832,+,Both,II,T,T,C,TRUE,C,T,2,
rs7660805,chr4,131044050,-,Both,II,C,G,A,TRUE,G,A,0,
rs13369115,chr4,138037282,+,Red,I,A,T,C,TRUE,T,C,0,MERGED INTO rs10155413
rs9292570,chr5,35000312,+,Red,I,T,T,C/G,FALSE,T,C,0,Triallelic
rs348937,chr5,112825677,+,Both,II,C,C,T,TRUE,C,T,0,
rs1019916,chr5,146648359,-,Both,II,C,G,A,TRUE,G,A,0,
rs7746156,chr6,47130819,+,Both,II,T,T,C,TRUE,C,T,2,
rs9363764,chr6,68232042,-,Both,II,C,G,A,TRUE,G,A,0,
rs10457834,chr6,149042800,+,Both,II,T,T,C,FALSE,T,C,0,
rs6982811,chr8,36547313,+,Both,II,T,T,C,TRUE,C,T,2,
rs1484127,chr8,51725654,-,Both,II,C,G,A,TRUE,G,A,0,
rs6471533,chr8,96470300,-,Grn,I,C,G,A,TRUE,A,G,2,
rs472920,chr8,96848744,-,Both,II,T,A,G,TRUE,G,A,2,
rs6991394,chr8,121782402,+,Red,I,A,C,T,FALSE,T,C,2,
rs2385226,chr8,126681996,+,Grn,I,C,C,T,TRUE,T,C,2,
rs4742386,chr9,7711758,-,Both,II,T,A,G,TRUE,G,A,2,
rs1040870,chr9,85415537,+,Red,I,A,C,T,TRUE,T,C,2,
rs10796216,chr10,14691889,-,Red,I,A,A,G,TRUE,A,G,0,
rs10882854,chr10,98639097,+,Grn,I,C,T,C,TRUE,T,C,0,
rs11034952,chr11,38788615,+,Grn,I,C,T,C,TRUE,T,C,0,
rs1945975,chr11,105299724,+,Both,II,C,C,A,TRUE,C,A,0,
rs2468330,chr12,43198722,-,Both,II,C,G,A/C,TRUE,G,A,0,Triallelic
rs1495031,chr12,63498136,+,Both,II,C,C,T,TRUE,C,T,0,
rs951295,chr15,45999823,-,Grn,I,C,A,G,TRUE,A,G,0,
rs2959823,chr15,76413529,-,Both,II,C,G,A,FALSE,G,A,0,
rs1510189,chr16,56100524,+,Both,II,T,T,C,TRUE,C,T,2,
rs1941955,chr18,35162838,+,Both,II,T,T,C,TRUE,C,T,2,
rs2235751,chr20,1969934,-,Both,II,T,A,G,TRUE,G,A,2,
rs845016,chr21,33998284,+,Both,II,C,C,T,TRUE,C,T,0,
rs2032088,chr21,38477330,-,Both,II,C,G,A,TRUE,G,A,0,
rs1467387,chr22,25931372,+,Both,II,T,T,C,FALSE,C,T,2,
rs133860,chr22,26144760,+,Both,II,C,C,T,TRUE,C,T,0,
rs739259,chr22,27356579,-,Both,II,T,A,G,TRUE,G,A,2,
rs2857639,chr22,30055674,-,Both,II,T,A,G,TRUE,G,A,2,
rs2208123,chr22,48214812,-,Red,I,T,A,G,TRUE,A,G,0,
rs2521373,chrX,9476990,-,Both,II,T,A,G,TRUE,G,A,2,Males = 1 or 0
rs798149,chrX,15885431,-,Both,II,T,A,G,TRUE,G,A,2,Males = 1 or 0
rs5926356,chrX,28247331,-,Grn,I,C,A,G,TRUE,A,G,0,Males = 1 or 0
rs5987737,chrX,114710721,+,Red,I,T,T,C,TRUE,T,C,0,Males = 1 or 0
rs1416770,chrX,145219165,+,Both,II,T,T,C,TRUE,C,T,2,Males = 1 or 0
rs6626309,chrX,147204373,+,Red,I,T,C,T,TRUE,T,C,2,Males = 1 or 0
